id,name,nvar,ncon,nequ,status,objective,elapsed_time,iter,dual_feas,primal_feas,neval_obj,neval_grad,neval_cons,neval_cons_lin,neval_cons_nln,neval_jcon,neval_jgrad,neval_jac,neval_jac_lin,neval_jac_nln,neval_jprod,neval_jprod_lin,neval_jprod_nln,neval_jtprod,neval_jtprod_lin,neval_jtprod_nln,neval_hess,neval_hprod,neval_jhess,neval_jhprod,neval_residual,neval_jac_residual,neval_jprod_residual,neval_jtprod_residual,neval_hess_residual,neval_jhess_residual,neval_hprod_residual,extrainfo,iters_sp,nvar_slack,pdd,iters_sp3,iters_sp2,nnzLDL,relative_iter_cnt
1,TMA_ME,3065,2547,0,max_iter,9.321161354525297e-7,782.7272090911865,700,3.8002400225807913e-10,8.10997173545563e-8,0,0,0,0,0,0,0,0,0,0,0,0,0,0,0,0,0,0,0,0,0,0,0,0,0,0,0,,200,4816,2.60205318191961073826730777346943635e+04,0,500,189201,8800
2,GlcAlift,26433,18336,0,max_iter,-575361.5724954538,6779.457408189774,700,0.0007716331972340935,0.0001908485445430763,0,0,0,0,0,0,0,0,0,0,0,0,0,0,0,0,0,0,0,0,0,0,0,0,0,0,0,,200,32434,6.98332414937467674098263757061074393e+03,0,500,2023617,8800
3,GlcAerWT,26433,18336,0,max_iter,-702045.2941501604,6664.427000045776,700,0.00042189346362311983,0.0073364281454489574,0,0,0,0,0,0,0,0,0,0,0,0,0,0,0,0,0,0,0,0,0,0,0,0,0,0,0,,200,32434,1.42227635647548613524693179671526579e+06,0,500,2023617,8800
