id,name,nvar,ncon,nequ,status,objective,elapsed_time,iter,dual_feas,primal_feas,neval_obj,neval_grad,neval_cons,neval_cons_lin,neval_cons_nln,neval_jcon,neval_jgrad,neval_jac,neval_jac_lin,neval_jac_nln,neval_jprod,neval_jprod_lin,neval_jprod_nln,neval_jtprod,neval_jtprod_lin,neval_jtprod_nln,neval_hess,neval_hprod,neval_jhess,neval_jhprod,neval_residual,neval_jac_residual,neval_jprod_residual,neval_jtprod_residual,neval_hess_residual,neval_jhess_residual,neval_hprod_residual,extrainfo,iters_sp,nvar_slack,pdd,iters_sp3,iters_sp2,nnzLDL,relative_iter_cnt
1,TMA_ME,17535,18209,0,first_order,8.703631538467609e-7,526.4621450901031,346,4.364655063020665e-24,3.9991554084952047e-22,0,0,0,0,0,0,0,0,0,0,0,0,0,0,0,0,0,0,0,0,0,0,0,0,0,0,0,,200,13450,2.58920415614349433760175245840387030e-20,0,146,416311,3136
2,GlcAlift,77893,69528,0,max_time,-688517.9371575911,20004.516191005707,1499,0.0006169757736511164,0.00919207155670107,0,0,0,0,0,0,0,0,0,0,0,0,0,0,0,0,0,0,0,0,0,0,0,0,0,0,0,,200,83901,5.34705086855833635591552338646936860e+06,0,1299,2801122,21584
3,GlcAerWT,76664,68299,0,first_order,-703824.4968141371,16337.388788938522,1263,9.544845479810761e-20,3.5452424840653027e-19,0,0,0,0,0,0,0,0,0,0,0,0,0,0,0,0,0,0,0,0,0,0,0,0,0,0,0,,200,81495,1.28592614275432993771102859820897645e-19,0,1063,2913062,17808
