id,name,nvar,ncon,nequ,status,objective,elapsed_time,iter,dual_feas,primal_feas,neval_obj,neval_grad,neval_cons,neval_cons_lin,neval_cons_nln,neval_jcon,neval_jgrad,neval_jac,neval_jac_lin,neval_jac_nln,neval_jprod,neval_jprod_lin,neval_jprod_nln,neval_jtprod,neval_jtprod_lin,neval_jtprod_nln,neval_hess,neval_hprod,neval_jhess,neval_jhprod,neval_residual,neval_jac_residual,neval_jprod_residual,neval_jtprod_residual,neval_hess_residual,neval_jhess_residual,neval_hprod_residual,extrainfo,iters_sp,nvar_slack,pdd,iters_sp3,iters_sp2,nnzLDL,relative_iter_cnt
1,TMA_ME,17535,18209,0,first_order,8.703631538467609e-7,473.33685302734375,346,4.364655063020665e-24,3.9991554084952047e-22,0,0,0,0,0,0,0,0,0,0,0,0,0,0,0,0,0,0,0,0,0,0,0,0,0,0,0,,200,13450,2.58920415614349433760175245840387030e-20,0,146,416311,3136
2,GlcAlift,77893,69528,0,max_iter,-29425.383164908428,7226.420909881592,700,0.0016057924878538955,0.019834725313667725,0,0,0,0,0,0,0,0,0,0,0,0,0,0,0,0,0,0,0,0,0,0,0,0,0,0,0,,200,83901,1.67814033506919884023309176579975083e+08,0,500,2801122,8800
3,GlcAerWT,76664,68299,0,max_iter,-701996.4466505225,7151.37260389328,700,1.7718150171865437e-5,0.00016572228525505483,0,0,0,0,0,0,0,0,0,0,0,0,0,0,0,0,0,0,0,0,0,0,0,0,0,0,0,,200,81495,2.10631384145037725307618514470635608e+05,0,500,2913062,8800
