id,name,nvar,ncon,nequ,status,objective,elapsed_time,iter,dual_feas,primal_feas,neval_obj,neval_grad,neval_cons,neval_cons_lin,neval_cons_nln,neval_jcon,neval_jgrad,neval_jac,neval_jac_lin,neval_jac_nln,neval_jprod,neval_jprod_lin,neval_jprod_nln,neval_jtprod,neval_jtprod_lin,neval_jtprod_nln,neval_hess,neval_hprod,neval_jhess,neval_jhprod,neval_residual,neval_jac_residual,neval_jprod_residual,neval_jtprod_residual,neval_hess_residual,neval_jhess_residual,neval_hprod_residual,extrainfo,iters_sp,nvar_slack,pdd,iters_sp3,iters_sp2,nnzLDL,relative_iter_cnt
1,qp_pb,3065,2547,0,first_order,8.703631538467453e-7,331.71281003952026,390,2.7317353861373745e-22,1.011537479727897e-23,0,0,0,0,0,0,0,0,0,0,0,0,0,0,0,0,0,0,0,0,0,0,0,0,0,0,0,,100,4816,2.40317839508611356426101992503626096e-20,190,200,189201,5040
2,qp_pb,26433,18336,0,first_order,-704340.0874961849,2762.843782901764,405,5.4541764950772425e-15,7.742789124156236e-17,0,0,0,0,0,0,0,0,0,0,0,0,0,0,0,0,0,0,0,0,0,0,0,0,0,0,0,,100,32434,4.78238537844333612507432453175407227e-20,205,200,2023617,5280
3,qp_pb,26433,18336,0,first_order,-703824.4968141371,2900.38281416893,420,3.0993861121886957e-14,9.877735637814245e-16,0,0,0,0,0,0,0,0,0,0,0,0,0,0,0,0,0,0,0,0,0,0,0,0,0,0,0,,100,32434,1.15556157708897294367961338193747640e-17,220,200,2023617,5520
